other	None	None	からすは食べますか？
weather	None	day_after_next	風は明後日強かったりする？
weather	station	tonight	今夜の南由布の風は強いの？
other	None	None	泳ぐの得意ですか？
other	None	None	たしかに，有名ですね．
weather	geographical_names	today	珠洲市の今日の風は弱かったり？
weather	geographical_names	next_week	延岡市の来週は雪降るかな？
weather	station	early_evening	夕方の敬川は雨降るかな？
weather	None	next_year	来年は涼しい？
other	None	None	私も来年から社会人です
weather	geographical_names	early_evening	夕方の新ひだか町は曇りかな？
weather	station	None	沖松島は暑さは？
weather	geographical_names	next_month	東松山市の来月は寒い？
weather	geographical_names	day_after_next	東通村の明後日は雪降らない？
weather	here	absolute	9月4日のこのあたりは晴れるかな？
weather	station	now	今の難波の天気は曇る？
weather	geographical_names	this_morning	美咲町の今朝は涼しさは？
weather	station	tonight	今夜の北細野は晴れないかな？
weather	here	tomorrow	明日のこの辺の天気はどんなになってる？
weather	here	tomorrow	この辺の明日は寒さは？
weather	station	this_morning	南古谷の今朝は風強いかな？
weather	geographical_names	today	今日の夕張市は晴れない？
weather	working_place	None	職場は風弱い？
other	None	None	みんなで行きたいね
other	None	None	海はあまり好きではありません。家でのんびりしていたいです。
weather	station	next_year	千葉中央の来年は雪かな？
weather	station	absolute	藤岡の30日は晴れたり？
weather	here	absolute	1971年1月のここは風強い？
weather	station	today	割出の今日の天気は？
weather	geographical_names	None	柳井市の天気は？
weather	geographical_names	tonight	海士町の今夜は晴れかな？
weather	working_place	daytime	職場の昼の風は弱かったりする？
other	None	None	うん、好き。神木くんも好きだから今回はうれしいな。
weather	here	absolute	ここの7月の風はどんな？
weather	here	early_evening	この辺の夕方は晴れたり？
weather	geographical_names	daytime	昼の魚沼市は暑さは？
other	None	None	そうなんですか？知りませんでした
weather	here	next_year	来年のこの辺は風強いかな？
other	None	None	夏風邪にならないように気をつけます
weather	here	today	今日のここは涼しい？
other	None	None	果物が好きなんだ？
weather	station	today	八森の今日は暑さは？
weather	None	now	今の天気はどんな？
weather	geographical_names	next_week	下市町の来週は雪降る？
weather	here	next_month	この辺の来月の天気はどうかな？
weather	here	absolute	この辺の2002年12月の風は強いの？
weather	here	day_after_next	明後日のここの天気教えて
weather	here	daytime	昼のここは暑いかな？
other	None	None	深い言葉ですね。
weather	geographical_names	tonight	諫早市の今夜の天気を教えてほしい
other	None	None	他にどんなスポーツ知ってる？
weather	station	next_month	来月の中強羅は雪降る？
weather	station	next_week	来週の穴太の風は弱い？
weather	here	next_week	来週のこのあたりの天気は降る？
other	None	None	ところで、スイカの他に、どんな果物が好きですか？
weather	geographical_names	today	えびの市の今日の風は弱かったりする？
weather	geographical_names	tomorrow	明日の板倉町は暑いですか？
weather	working_place	now	職場の今は風強いの？
weather	None	next_month	来月は曇り？
weather	geographical_names	next_month	じゃあ、妹背牛町の来月の天気を教えて
other	None	None	そうでしたか。今日は天気がよくないですね。
weather	school	absolute	26日の学校の天気はどうだろう？
other	None	None	え、誰が？？
weather	geographical_names	daytime	昼の佐伯市は雪降らないかな？
weather	working_place	day_after_next	明後日の職場の風は？
weather	station	absolute	そういえば、2014年7月21日の田んぼアートの天気はわかりますか？
weather	geographical_names	tomorrow	明日の珠洲市は雪かな？
weather	working_place	absolute	24日の職場の天気は何？
weather	school	early_evening	学校の夕方の天気はどんな感じ？
other	None	None	与えていません
weather	station	next_month	来月の熊谷の天気は雨？
weather	station	this_morning	今朝の白山は晴れると思う？
other	None	None	調子は悪いです
weather	working_place	now	今の職場の天気は曇？
weather	geographical_names	next_month	士幌町の来月は晴れないと思う？
weather	None	this_morning	今朝は寒い？
weather	here	today	今日のこのあたりの天気はどうだろう？
weather	here	tomorrow	このあたりの明日の天気を教えてほしい
weather	geographical_names	None	安芸太田町の風はどんな？
weather	here	day_after_next	明後日のここは晴れかな？
weather	geographical_names	day_after_next	明後日の舟形町の風は？
weather	geographical_names	daytime	昼の茨城町は曇るかな？
weather	geographical_names	tomorrow	江差町の明日の風は強いの？
weather	here	absolute	14日のこの辺の天気は雪降らない？
weather	geographical_names	daytime	昼のつがる市の風は強かったりする？
other	None	None	新しくソファを買おうかなと思ってるんだけど、どんなのが良いだろう
other	None	None	自分も好きですよ。和菓子とかと一緒だと更に美味しいですね。
other	None	None	最近興味のある芸能人いる？
weather	station	absolute	九品寺交差点の2月の天気を教えてほしい
weather	geographical_names	day_after_next	松戸市の明後日の天気は晴れ？
weather	None	next_week	来週も雨でしょうか？
weather	geographical_names	early_evening	北海道の夕方の天気教えて
weather	here	next_month	来月のこのあたりは雪降るかな？
weather	geographical_names	absolute	1992年3月15日の鈴鹿市の風は強かったりする？
weather	here	next_year	この辺の来年の風はどんな感じ？
weather	school	next_week	学校の来週は暖かさは？
weather	geographical_names	this_morning	北本市の今朝は暑いですか？
weather	station	today	今日の上深川の天気はどんなになってる？
weather	geographical_names	next_week	御嵩町の来週の風は強かったりする？
weather	school	next_week	来週の学校は雪降らないかな？
weather	here	day_after_next	明後日のこの辺は晴れたり？
weather	geographical_names	absolute	有田町の5月は暖かいかな？
weather	station	early_evening	新札幌の夕方は寒いかな？
other	None	None	電車でいきますか、車でいきますか？
weather	geographical_names	daytime	昼の東洋町の風は弱かったりする？
weather	geographical_names	next_month	松茂町の来月は風強いかな？
weather	station	now	八木蒔の今の天気は雪降る？
weather	station	now	今の茶内は風弱い？
other	None	None	トースト
weather	station	absolute	1970年の本牟田部は晴れない？
weather	geographical_names	tomorrow	明日の遠別町は寒さは？
weather	geographical_names	next_month	伊勢原市の来月の天気は雨？
weather	station	next_month	魚沼中条の来月の風はどんな感じ？
weather	station	now	五郎丸の今は風強いの？
other	None	None	魚を釣りますか？
weather	station	this_morning	侍浜の今朝の天気は雨降らない？
weather	station	next_month	来月の花見の天気
weather	None	early_evening	風は夕方強いかな？
weather	working_place	next_week	来週の職場の天気は雪降る？
weather	here	None	このあたりの天気は雨降る？
weather	working_place	absolute	7月4日の職場の天気は雨？
weather	None	next_week	来週の風は弱かったりする？
other	None	None	作物はどれだけ頑張っても天気や台風とかはコントロールできないですものね
weather	geographical_names	now	今の佐伯市は雪降らないかな？
weather	geographical_names	tomorrow	明日の愛荘町は雨降らないかな？
weather	None	daytime	昼は晴れかな？
weather	working_place	next_month	職場の来月の天気は？
weather	here	absolute	このあたりの6日の天気はどうですか
weather	here	absolute	9月6日のここは雨降らないかな？
other	None	None	考えてね
weather	geographical_names	day_after_next	明後日の立科町の風は弱いかな？
weather	here	tonight	今夜のここは雪降らない？
weather	None	tomorrow	明日の風は強かったりする？
weather	school	this_morning	今朝の学校の風は？
weather	working_place	absolute	職場の3月は晴れないかな？
weather	working_place	absolute	8月の職場は曇るかな？
other	None	None	プールもいいですね。
weather	geographical_names	absolute	2010年2月の砺波市の風は弱い？
weather	geographical_names	absolute	淡路市の10月1日の天気はどんなになってる？
weather	station	next_year	佐奈の来年は暖かいかな？
weather	station	absolute	長田の4日の風はどう？
weather	station	next_week	来週の北俣は暑いかな？
weather	working_place	early_evening	夕方の職場の風は弱いかな？
weather	here	tonight	ここの今夜は涼しいかな？
other	None	None	無いと言ったらうそですね．
weather	station	tonight	堺の今夜は雨降らない？
weather	geographical_names	tonight	今夜の砺波市の風は弱い？
weather	geographical_names	next_month	内子町の来月の天気は何かな？
other	None	None	もうスイカの話題はいいよ
weather	geographical_names	tomorrow	観音寺市の明日の天気はどんな？
weather	station	absolute	羽後中里の9日は雨降る？
weather	None	day_after_next	明後日の天気はどうでしたか。
weather	geographical_names	next_week	来週の砺波市の風は弱い？
weather	None	daytime	昼は晴れない？
other	None	None	海の家にも行きたいです。
other	None	None	可愛いよね
other	None	None	何を言っているかわかりません。
weather	station	early_evening	上月の夕方は雪降るかな？
weather	station	now	和泉府中の今の風はどんな感じ？
weather	here	next_week	来週のこのあたりの風は強かったりする？
weather	here	absolute	1999年9月18日のこの辺の風は弱いかな？
weather	station	next_week	古館の来週の天気は雪降る？
weather	school	tonight	今夜の学校は雨降らない？
weather	working_place	early_evening	夕方の職場の風は弱い？
other	None	None	音楽はお好きですか
schedule	None	tomorrow	明日は忙しい？
weather	school	absolute	学校の1983年1月27日は晴れない？
weather	station	next_year	内原の来年は風強い？
other	None	None	そうだね
weather	geographical_names	next_month	北茨城市の来月は曇るかな？
weather	here	absolute	8月16日のこの辺の風は強いかな？
weather	geographical_names	tonight	今夜の箕輪町は晴れる？
weather	station	absolute	10月の伊野は暑いですか？
weather	station	next_week	鶴羽の来週は暑さは？
weather	working_place	absolute	じゃあ、職場の2008年12月24日の天気を教えて
weather	here	day_after_next	明後日のこの辺の風は弱いかな？
weather	geographical_names	tomorrow	明日の富田林市は暖かい？
other	None	None	はい。泳ぐことはとても気持ちがいいことだと思います。
weather	here	next_year	来年のこのあたりは風強いかな？
weather	geographical_names	tonight	阿賀野市の今夜は涼しいかな？
weather	here	today	この辺の今日の天気は何？
weather	station	daytime	長田の昼の風はどう？
weather	station	tomorrow	じゃあ、明日の陸前赤井の天気を教えて
weather	station	tomorrow	山城青谷の明日は雪？
weather	station	absolute	下鴨生の1977年5月12日の天気はどうだろう？
weather	geographical_names	today	富山市の今日は晴れないかな？
weather	school	tonight	学校の今夜の天気は雪降る？
weather	station	next_year	じゃあ、来年の上野部の天気を教えて
weather	geographical_names	early_evening	夕方の輪島市の風は？
other	None	None	そう思うことはあります。
weather	here	next_year	ここの来年は晴れると思う？
weather	here	tomorrow	ここの明日の天気は曇る？
weather	here	next_year	来年のこの辺は晴れないかな？
weather	working_place	daytime	昼の職場は雨かな？
other	None	None	本当に暑いですね
other	None	None	こんばんは！　素敵な服ですね。
weather	here	tonight	今夜のこの辺の天気
weather	school	now	今の学校の風はどんな感じ？
other	None	None	まだ食べてないの？
weather	here	absolute	9月9日のこの辺の風は強いの？
weather	here	tonight	今夜のこの辺の天気はどうだろう？
weather	None	today	今日は雪降る？
weather	here	None	このあたりは暖かさは？
weather	None	next_year	来年の天気は雨降らない？
weather	station	next_month	浄心の来月は暑いですか？
other	None	None	スイカの話？
weather	station	None	法界院の天気は曇る？
weather	here	early_evening	夕方のここの風は強い？
weather	school	absolute	12月の学校の天気は雨降る？
weather	geographical_names	daytime	長浜市の昼の天気は晴れる？
weather	geographical_names	None	湯前町の風は弱かったり？
weather	station	next_month	水沢の来月の天気は何かな？
weather	station	day_after_next	明後日の宮村の天気は晴れない？
weather	None	early_evening	天気は夕方雪降らない？
weather	geographical_names	absolute	志賀町の12月の天気を教えてほしい
weather	None	this_morning	今朝の風は？
weather	geographical_names	next_week	来週の桜井市の天気はどんな感じ？
weather	here	None	この辺は晴れ？
weather	here	tonight	今夜のこの辺の風はどう？
weather	school	tomorrow	明日の学校は暑い？
other	None	None	遊ぶものを持っていかないなら減ります
weather	None	next_week	来週は曇る？
other	None	None	それは素敵です
weather	here	absolute	2010年5月18日のここは晴れると思う？
weather	here	today	このあたりの今日の風はどう？
other	None	None	今は、部屋でクーラーを付けているので大丈夫ですよ。
weather	None	day_after_next	明後日は暖かさは？
weather	here	now	この辺の今の風はどんなになってる？
weather	None	this_morning	今朝は雪降るかな？
other	None	None	それはちょっと高すぎるでしょ？
weather	None	next_month	来月の天気教えて
weather	None	this_morning	今朝の天気はどんな？
weather	station	today	伊勢佐木長者町の今日の天気はどんなになってる？
weather	here	tonight	ここの今夜の天気は晴れ？
other	None	None	電波がよく入るね
weather	working_place	next_year	来年の職場は雪降る？
other	None	None	お酒を飲みながら、お話したいです。
other	None	None	えびせん？？
weather	station	absolute	羽後中里の2001年9月23日は雨降る？
weather	here	absolute	7月5日のこのあたりの風は強い？
weather	here	absolute	このあたりの17日は晴れないと思う？
weather	geographical_names	daytime	昼の四万十市の天気は雪降らない？
weather	station	next_week	来週の芸大通の天気は曇？
weather	here	tomorrow	明日のこのあたりの風は弱いかな？
weather	here	now	今のここは晴れる？
weather	here	now	今のこの辺は雨かな？
other	None	None	もう夏も終わりますからね
other	None	None	数学も忘れてると大変です
weather	geographical_names	day_after_next	明後日の山形村の風は弱い？
other	None	None	何に？
weather	station	day_after_next	太田川の明後日の天気は雨降る？
weather	here	daytime	このあたりの昼は晴れる？
other	None	None	そんなところを基準で考えるのか
weather	geographical_names	early_evening	夕方の美濃加茂市の天気は曇？
weather	here	daytime	このあたりの昼の天気はどんな感じ？
weather	station	next_week	東刈谷の来週の天気教えて
weather	here	absolute	このあたりの21日は暑い？
other	None	None	サッカーが好きです。
other	None	None	元気？
weather	here	today	今日のこの辺の天気は雪？
weather	geographical_names	tonight	今夜の板野町は晴れないかな？
weather	station	next_week	西和田の来週は暖かい？
weather	working_place	absolute	8日の職場の風はどんな？
weather	geographical_names	next_month	みなかみ町の来月は暑いですか？
schedule	None	day_after_next	明後日の予定
weather	here	day_after_next	この辺の明後日の天気は何かな？
weather	None	today	今日の天気はどんな感じ？
other	None	None	私は冷たいものがいいです。
weather	school	this_morning	今朝の学校は暖かい？
weather	here	tonight	今夜のこの辺は晴れる？
weather	station	daytime	昼の大分大学前は風強いの？
weather	school	absolute	学校の12月1日は曇り？
weather	working_place	today	今日の職場の風は強いかな？
weather	geographical_names	next_month	来月の埼玉県は曇る？
weather	station	None	名電各務原は雪降るかな？
weather	station	absolute	1995年6月26日の梓橋は晴れない？
weather	geographical_names	absolute	1996年の台東区の風は強いの？
weather	None	absolute	12月は晴れないかな？
other	None	None	どこに行きますか？
other	None	None	すっかり秋だよ
other	None	None	この話はやめましょうか
weather	station	now	青島の今は暖かい？
other	None	None	そう！
other	None	None	太陽熱によって地表が暖められ、温度差が生じている限り、風は止みませんよ。
other	None	None	うん
weather	here	next_year	この辺の来年の天気はどんなになってる？
other	None	None	いや．もう食べましたので，結構です
weather	geographical_names	absolute	26日の厚真町の天気はどうだろう？
weather	station	absolute	西永福の28日の天気は曇？
weather	station	today	矢代田の今日は晴れ？
weather	here	next_week	この辺の来週は曇り？
weather	station	absolute	10月の神代の風は弱いかな？
weather	school	early_evening	夕方の学校は寒さは？
weather	geographical_names	day_after_next	いすみ市の明後日の天気は？
weather	station	absolute	5月10日の陽羽里は風強かったり？
weather	here	next_month	ここの来月は暑いですか？
other	None	None	何のレベルが特に高いのですか？
other	None	None	目玉焼きって食べますか？
weather	geographical_names	this_morning	大竹市の今朝の天気はどんなになってる？
weather	station	None	二上山の天気は雨降らない？
weather	None	daytime	風は昼弱かったりする？
weather	geographical_names	this_morning	今朝の富谷市の風は強いの？
weather	working_place	absolute	1996年7月24日の職場の風は強かったり？
weather	here	next_year	この辺の来年の天気は晴れる？
weather	station	early_evening	あつみ温泉の夕方は暑い？
weather	here	today	今日のこのあたりは晴れない？
other	None	None	日焼けもプールも、夏はあちこち荒れるよ。
other	None	None	海で泳ぐときには要らないです
other	None	None	退屈してた？
weather	geographical_names	daytime	大刀洗町の昼は晴れる？
other	None	None	ありがとう。でも、最近、涼しくなりましたよ。
weather	here	next_year	そういえば、このあたりの来年の天気はわかりますか？
weather	working_place	next_year	来年の職場の風は弱かったりする？
other	None	None	そのほうがいいでしょうね
weather	here	tomorrow	この辺の明日は風強いかな？
other	None	None	睡眠時間は何時間ですか？
weather	station	day_after_next	馬立の明後日の風は強い？
weather	geographical_names	daytime	志賀町の昼の天気を教えてほしい
weather	station	early_evening	常陸多賀の夕方は風強いの？
weather	here	absolute	1985年10月3日のここの天気はどう？
schedule	None	early_evening	ちなみに夕方はお仕事ですか？
weather	geographical_names	next_month	来月の和気町の風は弱かったり？
weather	geographical_names	early_evening	夕方の山添村は雪かな？
weather	geographical_names	early_evening	夕方の美祢市の天気はどんなになってる？
weather	geographical_names	this_morning	今朝の唐津市は暖かい？
weather	geographical_names	next_week	来週の河内長野市は雨？
weather	station	None	森田は涼しいかな？
weather	station	this_morning	板野の今朝は曇り？
weather	geographical_names	day_after_next	羅臼町の明後日は曇りかな？
other	None	None	広島弁、いいですね。
weather	station	this_morning	金橋の今朝は雨降る？
weather	station	now	今の領石通は寒いかな？
weather	school	absolute	学校の5月26日は暑さは？
other	None	None	ありって虫の？
weather	station	early_evening	九州鉄道記念館の夕方の天気は晴れない？
other	None	None	キンキンに冷やしたやつは本当においしいですよね
weather	station	absolute	佐久広瀬の9日の天気はどんな？
weather	geographical_names	next_week	来週の山形市の天気
other	None	None	生活の必需品ですね
weather	geographical_names	absolute	1月の長柄町は風強いかな？
other	None	None	私も好きです
schedule	None	absolute	いやいや。1978年12月は何する？
other	None	None	そうですね。
weather	here	today	このあたりの今日の天気教えて
weather	here	daytime	昼のこの辺は晴れない？
other	None	None	天気が良いと出かけたいです
weather	geographical_names	None	小坂町の風は強かったり？
other	None	None	興味深いニュースですね
weather	station	None	新潟は風強かったり？
other	None	None	新しいことを聞けるからね。
other	None	None	昨日は何していましたか？
weather	geographical_names	absolute	29日の川口市は雨？
weather	geographical_names	tonight	国頭村の今夜は雪降るかな？
other	None	None	偉い！
weather	station	next_year	来年の茶所は風弱い？
weather	None	now	今の天気はどんな感じ？
weather	geographical_names	tonight	美郷町の今夜の天気は雨？
weather	station	now	門田屋敷の今は涼しさは？
weather	geographical_names	day_after_next	相馬市の明後日は曇るかな？
other	None	None	眠たくないですか？
other	None	None	出かけているときに掃除してくれるので便利ですよね。
weather	geographical_names	tomorrow	明日の邑楽町は暑さは？
other	None	None	ティッシュの箱とかも好きですね
weather	geographical_names	now	今の東村は晴れかな？
other	None	None	近くなら日帰りでも大丈夫そうですね
other	None	None	アメーバのやつですか？
other	None	None	僕は，わりかし綺麗にしてますよ．
weather	here	early_evening	ここの夕方は暑いかな？
weather	school	next_year	学校の来年の風は強かったりする？
weather	here	day_after_next	明後日のここの天気は何？
weather	geographical_names	next_month	来月の福生市の天気を教えてほしい
weather	here	this_morning	今朝のこのあたりの風はどんなになってる？
weather	geographical_names	today	今日の上尾市の天気は曇る？
weather	here	tomorrow	この辺の明日の天気は何？
weather	working_place	day_after_next	明後日の職場は雨降らないかな？
weather	working_place	tonight	今夜の職場は暑いかな？
other	None	None	お金がいただけるからね。
other	None	None	それよりは、夏風邪に気を付けないと。
weather	working_place	today	職場の今日の風はどんな？
weather	geographical_names	next_week	津和野町の来週の天気は降らない？
weather	geographical_names	None	平内町の風は弱かったりする？
weather	geographical_names	absolute	都留市の28日の天気は曇？
other	None	None	薬は飲んでいますか？
other	None	None	ありがとうございます。最近暑いですもんね。
weather	geographical_names	absolute	2017年の斑鳩町は暖かさは？
weather	geographical_names	now	今の黒滝村の天気は雪降らない？
weather	geographical_names	now	姶良市の今の風は強いかな？
weather	station	tonight	西和田の今夜は暖かい？
weather	working_place	this_morning	職場の今朝の天気は何？
weather	geographical_names	this_morning	今朝の深浦町は雨かな？
other	None	None	どんな食べ物が好きですか？
weather	geographical_names	tomorrow	桜川市の明日は暑い？
weather	station	now	米野の今は風強いかな？
weather	geographical_names	daytime	筑前町の昼は曇り？
weather	geographical_names	next_week	西粟倉村の来週は晴れ？
other	None	None	そういう考え方もあるね。食中毒になるくらいなら、添加物を入れたもののほうがいい、という。
weather	here	next_month	ここの来月の風は強かったり？
weather	here	next_year	ここの来年の天気は雨？
weather	here	day_after_next	ここの明後日は雪降るかな？
weather	station	daytime	昼の阿波中島は涼しい？
other	None	None	悲しいことがあったんですか？
weather	school	absolute	学校の4月5日は晴れかな？
weather	here	absolute	このあたりの2003年3月の風はどんなになってる？
weather	school	next_month	学校の来月の天気はどんな感じ？
schedule	None	daytime	いいですね。昼の予定は？
other	None	None	家の隣にありますよ
other	None	None	そりゃ，漫才なんだから声かけるよｗ
weather	here	now	今のこのあたりは風強かったり？
weather	station	absolute	割出の31日の天気は？
other	None	None	もー。
weather	here	next_month	ここの来月の天気は雪？
other	None	None	いや、気をつけています。
weather	here	today	ここの今日の天気は雪？
weather	working_place	early_evening	夕方の職場の天気は雨降る？
weather	here	this_morning	今朝のこの辺の天気は雨降らない？
weather	station	daytime	今別の昼の天気は雪？
weather	station	next_week	藤岡の来週は晴れたり？
weather	here	absolute	2008年7月のこのあたりは雨降る？
weather	station	next_year	鶴羽の来年は暑さは？
weather	school	daytime	昼の学校は寒さは？
weather	school	next_year	学校の来年は晴れると思う？
other	None	None	そうですね．でも数人でも僕は好きですよ．
weather	school	next_week	来週の学校の天気はどうだろう？
weather	working_place	absolute	職場の1998年7月は雪かな？
weather	here	absolute	1997年のここは暖かいかな？
weather	None	next_month	来月は雪降らない？
weather	geographical_names	early_evening	日高村の夕方は雨かな？
weather	geographical_names	next_week	石垣市の来週は雨かな？
weather	here	tonight	このあたりの今夜の天気はどんな？
weather	working_place	absolute	1970年7月の職場の風は強い？
weather	here	daytime	この辺の昼は風強いの？
other	None	None	たくさんいます
weather	here	now	今のこの辺の天気は曇？
weather	geographical_names	next_week	筑西市の来週は寒いかな？
weather	here	tonight	今夜のこの辺の風はどんな？
weather	working_place	this_morning	今朝の職場は涼しい？
weather	geographical_names	absolute	そういえば、1971年7月の熊野町の天気はわかりますか？
weather	here	tomorrow	明日のこのあたりは寒さは？
weather	station	next_month	幸谷の来月は雨？
weather	geographical_names	now	鎌倉市の今の風は弱い？
weather	None	daytime	昼は暑いですか？
other	None	None	糖分も大事かな
other	None	None	映画を見ながら食べるホットドッグとかも好きです．
weather	working_place	this_morning	今朝の職場の天気は晴れ？
weather	school	next_week	来週の学校は寒い？
weather	here	None	この辺は涼しさは？
other	None	None	私は冷たい方が好きです
weather	here	next_year	来年のこのあたりの風は弱かったりする？
weather	school	absolute	学校の2日の天気は雪？
weather	working_place	this_morning	じゃあ、職場の今朝の天気を教えて
weather	station	day_after_next	明後日の日和田の天気は何かな？
weather	None	early_evening	夕方は雨？
weather	station	next_month	来月の鳥栖は暑い？
other	None	None	そうだね．今日は天気が悪いね．涼しいけど．
weather	geographical_names	daytime	昼の邑楽町は暑さは？
weather	here	tonight	このあたりの今夜の天気は雪降らない？
weather	here	next_year	ここの来年の天気は晴れ？
weather	geographical_names	now	今のつくばみらい市の天気はどうだろう？
other	None	None	私もあまりしないです
other	None	None	美味しいですよね！
weather	here	absolute	6日のここは曇りかな？
other	None	None	旅行はいいですね。
weather	here	now	この辺の今は涼しいかな？
other	None	None	ならよかった
weather	here	absolute	この辺の1993年は風強い？
weather	here	this_morning	このあたりの今朝は雨かな？
other	None	None	毎年かかっている感じもするんですけど
other	None	None	怖いよー
weather	station	None	そういえば、南太田の天気はわかりますか？
weather	school	this_morning	今朝の学校は風強かったり？
weather	station	absolute	18日の戸倉は雪？
other	None	None	海のどこが素晴らしいですか??
weather	school	next_week	学校の来週の天気はどんな？
weather	station	absolute	高山の12月の天気を教えてほしい
weather	station	today	八木蒔の今日の天気は雪降る？
other	None	None	君の名前は？
weather	station	now	佐敷の今の風は強いかな？
weather	geographical_names	day_after_next	明後日の永平寺町の天気は雨降る？
weather	station	next_year	二名の来年は晴れかな？
weather	school	today	今日の学校は暖かい？
other	None	None	でも、クラウンは高いです。
weather	geographical_names	daytime	昼の信濃町は寒さは？
weather	here	today	このあたりの今日は涼しい？
weather	station	this_morning	今朝の谷汲口は曇り？
weather	geographical_names	absolute	2009年の越前市の風はどんなになってる？
weather	school	None	学校は晴れないと思う？
weather	geographical_names	daytime	昼の東村は晴れかな？
weather	None	early_evening	天気は夕方どうかな？
other	None	None	好きです．
weather	geographical_names	next_week	和光市の来週は涼しさは？
weather	school	daytime	学校の昼の風は強いかな？
other	None	None	とても暑いです
other	None	None	水分補給が大事らしいです。
weather	here	daytime	この辺の昼は雨降るかな？
weather	geographical_names	absolute	7月12日の土浦市は涼しいかな？
weather	working_place	absolute	職場の12月の風は強いかな？
weather	station	absolute	三国ケ丘の1996年10月27日の天気は雨降る？
weather	station	next_year	来年の宍喰の風は弱かったりする？
other	None	None	朝からですかー　昼食はどうします？
weather	here	None	このあたりの風は弱かったり？
weather	here	early_evening	夕方のこの辺の風は強かったり？
weather	station	today	今日の宇品二丁目の風はどんな？
other	None	None	好きな野菜はなんですか
weather	None	this_morning	今朝の天気は雪降らない？
weather	working_place	day_after_next	職場の明後日は曇り？
weather	here	absolute	このあたりの1993年は風強い？
schedule	None	now	今は忙しくなりそう？
weather	geographical_names	tomorrow	湖南市の明日の天気は晴れない？
weather	working_place	this_morning	今朝の職場は晴れない？
other	None	None	いつ食べたんですか？？
weather	station	next_month	碧南中央の来月の風は強かったりする？
weather	here	now	今のこのあたりは暖かいかな？
weather	geographical_names	tonight	今夜の上牧町の天気教えて
other	None	None	どんな映画が好きですか。
weather	school	absolute	1970年7月の学校の風は強い？
weather	None	early_evening	夕方は晴れると思う？
other	None	None	あと虫も多くいますね。
weather	here	early_evening	夕方のここは風強い？
weather	station	absolute	曙町東町の2002年10月14日は暖かさは？
weather	geographical_names	now	今の山形市の天気
weather	geographical_names	next_year	来年の香美町の天気はどうですか
weather	school	tonight	今夜の学校は雨降るかな？
other	None	None	では神奈川は？
weather	here	absolute	このあたりの1999年7月24日は風強い？
weather	school	daytime	学校の昼は晴れない？
weather	None	this_morning	今朝の天気は何？
weather	geographical_names	early_evening	夕方の軽米町は晴れない？
weather	geographical_names	absolute	大郷町の10月1日は雪降る？
weather	station	next_year	石津の来年の天気は降らない？
other	None	None	スイカもおいしいけど、この前食べたメロンが超うまかった。
weather	station	absolute	5月の陽羽里は風強かったり？
weather	school	day_after_next	学校の明後日の風は強かったりする？
weather	geographical_names	absolute	大郷町の1993年11月20日は雪降る？
other	None	None	こんにちは。健康には気を使ってますか？
weather	geographical_names	absolute	伊勢原市の9月11日の天気は雨？
schedule	None	daytime	昼はどこへ行くのですか？
weather	station	next_week	日本ライン今渡の来週の天気教えて
weather	geographical_names	absolute	3月の茨城町は曇るかな？
weather	working_place	today	職場の今日は寒さは？
weather	working_place	next_month	職場の来月は雪降る？
weather	here	next_month	来月のこの辺は晴れない？
weather	here	this_morning	この辺の今朝は暑い？
weather	working_place	absolute	3月の職場は曇るかな？
weather	station	absolute	小鳥谷の2009年の天気は晴れる？
weather	geographical_names	next_year	来年の周防大島町の天気は？
weather	station	absolute	そういえば、2002年の田んぼアートの天気はわかりますか？
other	None	None	限界は空です。
other	None	None	好きな食べ物はなんですか。
weather	geographical_names	tomorrow	明日の山県市の風は強いかな？
other	None	None	トイレをっていうかマナーだよね
weather	working_place	now	職場の今は雪降る？
weather	station	absolute	占冠の1993年は風強い？
other	None	None	考えるんだ。
weather	geographical_names	tonight	じゃあ、今夜の野迫川村の天気を教えて
weather	here	absolute	1979年4月のこのあたりは暑い？
weather	working_place	absolute	職場の4月19日の天気は何かな？
weather	station	tomorrow	陸前階上の明日は雨降る？
weather	working_place	now	今の職場の風は？
other	None	None	行きましょうよ？
weather	geographical_names	this_morning	今朝の秋田市は晴れないと思う？
other	None	None	何を？
other	None	None	それはすごい機械だね！
other	None	None	優しい人もいますね
weather	geographical_names	today	今日の羅臼町は暖かい？
weather	here	this_morning	このあたりの今朝は風強かったり？
weather	station	tomorrow	明日の矢美津の天気は雪降らない？
weather	station	next_month	来月の伊勢石橋は雪かな？
weather	here	next_month	来月のこのあたりの風は強かったり？
weather	here	now	ここの今の風はどんな？
other	None	None	クーラーがきいてるの？
weather	working_place	day_after_next	職場の明後日の天気はどう？
weather	geographical_names	this_morning	今朝の玉東町は雪降るかな？
weather	geographical_names	absolute	名護市の1976年は雪かな？
weather	station	absolute	1989年2月の彼杵は雨降らない？
weather	station	next_week	高幡不動の来週は暑いかな？
other	None	None	はい。心配です。
weather	None	today	今日は寒いかな？
weather	geographical_names	absolute	妹背牛町の2014年11月23日は雪降らない？
other	None	None	はい。とても上手ですよ。
weather	geographical_names	absolute	2014年3月の岩倉市の天気を教えてほしい
weather	school	absolute	14日の学校は晴れる？
weather	here	now	今のこの辺は涼しいかな？
other	None	None	腎臓が悪いので，水分制限があるんですよねー
other	None	None	はい．オリオンビールも飲みますか？
other	None	None	マラソンは立派にスポーツだと思うよ
weather	here	day_after_next	ここの明後日の風はどんな？
weather	geographical_names	next_year	来年の門真市の天気は雨？
weather	station	next_week	平館の来週は雨かな？
weather	geographical_names	next_year	来年の伊丹市の天気はどんなになってる？
weather	station	daytime	昼の川岸は雨降らないかな？
weather	here	today	今日のこの辺は雪？
other	None	None	今年は行ってないと
other	None	None	スカイプは便利ですね
weather	working_place	absolute	職場の29日は曇るかな？
weather	geographical_names	next_year	飯南町の来年は雪？
weather	station	absolute	赤堀の1994年3月20日の天気は雪降らない？
other	None	None	元気そうですね
weather	geographical_names	daytime	青木村の昼の天気は降る？
weather	station	tonight	今夜の大池遊園は晴れるかな？
weather	working_place	now	職場の今は晴れかな？
weather	working_place	next_month	職場の来月は暖かいかな？
weather	station	next_year	占冠の来年は風強い？
other	None	None	今日は確かに生ぬるくて，ジメジメして嫌ですね．
weather	geographical_names	early_evening	夕方の本庄市は曇り？
weather	here	tomorrow	このあたりの明日の風は強いかな？
weather	geographical_names	day_after_next	明後日の遠軽町の天気は何かな？
weather	working_place	now	職場の今の風は強いかな？
other	None	None	ありがとう！アイスいっぱい食べてるから大丈夫．
other	None	None	奪われたら取り返したくなりますよね。
weather	here	today	ここの今日の天気
weather	here	tonight	この辺の今夜の風はどんな感じ？
weather	here	now	このあたりの今は暑い？
weather	working_place	next_month	職場の来月は雨降るかな？
weather	working_place	today	職場の今日は曇るかな？
weather	None	next_year	来年の天気は晴れない？
other	None	None	実数値でしたか。
other	None	None	先週行ってきましたよ。
other	None	None	スカイツリーに行かれたことはありますか？
other	None	None	暇なときはおしゃべりもいいですね
weather	station	tonight	借宿前の今夜は晴れないかな？
weather	None	absolute	天気は2015年7月曇？
weather	station	today	七尾の今日は晴れたり？
weather	working_place	next_year	職場の来年は雨降るかな？
weather	geographical_names	absolute	12月21日の北秋田市は晴れたり？
weather	here	early_evening	夕方のこのあたりは晴れると思う？
weather	station	absolute	佐奈の5月は暖かいかな？
weather	geographical_names	tonight	今夜の熊取町の天気は何かな？
weather	geographical_names	today	美郷町の今日の天気はどうかな？
weather	geographical_names	early_evening	夕方の下関市の天気は降らない？
other	None	None	振り回さない方がいいですよ。
weather	school	day_after_next	明後日の学校の天気は曇る？
other	None	None	東山魁夷の絵みたいな雰囲気だよね。
weather	geographical_names	absolute	宇土市の1979年10月4日の天気は雪降らない？
weather	school	absolute	学校の21日は暑い？
weather	geographical_names	next_year	来年の下川町の風は強かったりする？
weather	here	now	今のこのあたりの天気は降らない？
other	None	None	大きいと関係有るのかな
weather	station	tonight	今夜の赤渕は寒さは？
other	None	None	何言ってるかよくわからないけど，レモンは有名だよ
weather	here	absolute	16日のこのあたりは暖かさは？
other	None	None	滝行に行ってこようかな？
weather	geographical_names	this_morning	真岡市の今朝は涼しい？
weather	station	daytime	昼のこどもの国は雪降るかな？
weather	geographical_names	this_morning	今朝の球磨村の天気は晴れない？
weather	geographical_names	next_year	蕨市の来年は雨降るかな？
weather	geographical_names	early_evening	夕方の板倉町は暑いですか？
weather	here	early_evening	このあたりの夕方は晴れると思う？
weather	geographical_names	absolute	1970年の夕張市は晴れない？
weather	here	absolute	このあたりの1月の天気は雨？
weather	station	next_week	来週の鳥栖は暑い？
weather	working_place	absolute	職場の7日の風は弱い？
weather	station	tonight	今夜の川棚の風は？
other	None	None	どんな癖ですか？
weather	school	day_after_next	学校の明後日の天気は雨？
weather	here	day_after_next	明後日のこのあたりは晴れ？
weather	station	day_after_next	高山の明後日の天気を教えてほしい
weather	here	absolute	この辺の3月7日は晴れないと思う？
weather	geographical_names	this_morning	大江町の今朝は曇るかな？
weather	geographical_names	day_after_next	真岡市の明後日は涼しい？
other	None	None	スイカが好きですか
other	None	None	こんばんは、高校野球見た？
other	None	None	ありがとうございます。気をつけます。あついですよね。。
weather	geographical_names	day_after_next	明後日のつがる市の風は強かったりする？
schedule	None	early_evening	夕方は何かある？
weather	here	absolute	10月のこの辺は暑いですか？
other	None	None	こんばんは
other	None	None	この時期は冷奴が良いですね
other	None	None	そうなりますね。
other	None	None	わかるわ
weather	station	None	少路の風は？
weather	here	tonight	今夜のこの辺の天気はどんな？
other	None	None	いいえ。鼻を出すと効果がありません。
weather	station	now	矢代田の今の天気は晴れる？
weather	station	absolute	地福の1月4日の天気はどうですか
weather	here	next_month	そういえば、この辺の来月の天気はわかりますか？
weather	here	absolute	このあたりの2017年9月21日は暖かいかな？
weather	here	day_after_next	この辺の明後日は寒い？
weather	geographical_names	daytime	三郷市の昼は暑い？
other	None	None	誰の話？
other	None	None	ピンク色だし可愛いかもね
weather	station	next_week	来週の八木原の天気は雨降る？
weather	geographical_names	daytime	日の出町の昼は寒いかな？
weather	station	daytime	昼の広電西広島（己斐）の風は弱い？
weather	None	tonight	今夜は寒さは？
weather	here	next_week	この辺の来週の風は強いかな？
weather	geographical_names	tomorrow	多久市の明日の天気は何？
weather	here	early_evening	夕方のこのあたりの風は弱いかな？
other	None	None	ゲームはしますか？
weather	geographical_names	tonight	今夜の直方市の天気はどう？
weather	geographical_names	next_week	山口市の来週は暖かさは？
other	None	None	汗だらだらです
other	None	None	存じませんの．あなたはエアガンについてどう思われます？
other	None	None	どんなふうに
weather	school	absolute	学校の14日の風は弱い？
weather	geographical_names	absolute	12月の永平寺町の天気は雨降る？
weather	geographical_names	this_morning	今朝の榛東村は涼しさは？
weather	school	next_year	学校の来年の天気はどんな？
weather	geographical_names	next_week	来週の由利本荘市の天気は曇？
weather	school	now	今の学校は雨かな？
weather	station	this_morning	山城青谷の今朝は雪？
weather	working_place	daytime	昼の職場の天気は降る？
weather	working_place	next_week	来週の職場の天気は晴れない？
weather	here	today	この辺の今日の天気教えて
weather	station	next_year	緑町の来年は涼しい？
weather	station	now	西大島の今は曇り？
weather	here	tomorrow	ここの明日は晴れないかな？
weather	here	early_evening	夕方のこのあたりの天気は晴れ？
weather	geographical_names	absolute	知名町の25日の天気はどうかな？
weather	working_place	next_year	職場の来年は曇りかな？
weather	geographical_names	tomorrow	南魚沼市の明日は寒さは？
weather	working_place	daytime	職場の昼は晴れない？
weather	station	None	女川は晴れ？
weather	geographical_names	absolute	増毛町の1974年1月の天気はどう？
weather	geographical_names	absolute	松茂町の19日は風強いかな？
weather	here	daytime	昼のこのあたりの風は強かったりする？
weather	station	None	因幡船岡は暖かさは？
weather	station	tonight	二中通の今夜は風強かったり？
weather	here	next_week	来週のここは晴れる？
weather	here	absolute	8月のこのあたりの天気
weather	working_place	absolute	1989年の職場は晴れる？
weather	working_place	tomorrow	明日の職場の風はどんな？
other	None	None	それは節約した方がいいかもしれませんね
weather	station	tonight	今夜の日原は暑いですか？
weather	here	absolute	そういえば、2002年のこの辺の天気はわかりますか？
weather	station	day_after_next	明後日の栗林の天気は何かな？
weather	geographical_names	next_year	出雲崎町の来年の天気は降らない？
weather	station	this_morning	二名の今朝は晴れかな？
weather	here	day_after_next	明後日のここは暑いかな？
weather	station	absolute	追良瀬の23日の天気は何かな？
weather	school	absolute	2002年の学校の風は弱い？
weather	station	day_after_next	青島の明後日は暖かい？
other	None	None	時間も最小限にしたいですね
weather	here	absolute	4月18日のここは暑さは？
other	None	None	そんなに好きなんだ
other	None	None	僕が知らないこといっぱい知ってますね
schedule	None	day_after_next	明後日はヒマなんですか
weather	working_place	early_evening	職場の夕方の天気は雪降る？
other	None	None	どうやら海のことで頭がいっぱいなんですね。クラゲは出ませんか？
weather	station	None	西木場は雪降らないかな？
other	None	None	デジイチとか持ってます？
weather	here	today	このあたりの今日は晴れないかな？
weather	station	daytime	長門長沢の昼は雨降るかな？
other	None	None	日向夏のシャーベットを食べたい。
weather	working_place	next_week	来週の職場は曇りかな？
weather	working_place	day_after_next	職場の明後日の天気を教えてほしい
weather	geographical_names	absolute	南牧村の1月は暑いですか？
weather	station	tomorrow	明日の暘谷の天気は雨降る？
weather	geographical_names	None	弥彦村の天気はどうですか
weather	here	day_after_next	明後日のこのあたりの風は強いかな？
other	None	None	丁寧に仕事するのは日本人らしいですね
weather	None	next_year	来年の天気は曇りだね。
other	None	None	台風が来るから行きたくないです
weather	here	absolute	13日のこのあたりは涼しさは？
weather	station	early_evening	海ノ口の夕方は晴れると思う？
weather	here	next_week	ここの来週の風は強いの？
other	None	None	うむ
weather	here	absolute	11月16日のこの辺は晴れかな？
other	None	None	今年は行きませんでしたか
weather	here	next_week	この辺の来週は晴れないと思う？
other	None	None	それはおかしい
other	None	None	退屈なときはどんなことをするんですか？
weather	station	tonight	今夜の真土は涼しいかな？
other	None	None	それは楽しそうですね
weather	None	absolute	2月は曇る？
other	None	None	感謝の心を忘れないことが人生のメリットということですね．
other	None	None	そんなこと書いている本でもありましたか
weather	school	next_month	学校の来月は曇るかな？
weather	working_place	next_month	職場の来月は風強いの？
weather	school	today	今日の学校の風は強いかな？
other	None	None	行かないです
other	None	None	あなたに質問をすればいいのですか
weather	working_place	today	職場の今日の風は弱い？
weather	geographical_names	next_week	最上町の来週の天気は降る？
weather	geographical_names	this_morning	今朝の橋本市は暑いかな？
other	None	None	睡眠時間をたっぷりとればいいですかね
weather	geographical_names	now	菊川市の今の風は強かったりする？
weather	station	absolute	東森の1月は暑いですか？
other	None	None	テレビに火がついているの？
other	None	None	最近は語学の番組も楽しいらしいです
weather	geographical_names	next_year	来年の三原市の風は弱かったりする？
weather	working_place	next_month	職場の来月の天気教えて
other	None	None	沖縄へ行くこと自体が海目的が多いじゃないですか．
weather	here	next_month	この辺の来月は晴れると思う？
other	None	None	そうですね。たくさんの港がありますよね。
weather	geographical_names	daytime	昼の壬生町の風はどう？
weather	here	tonight	この辺の今夜は雪降らない？
weather	None	absolute	1977年は涼しい？
weather	here	today	今日のここは曇りかな？
weather	station	absolute	西ケ原の1997年12月は雨降らないかな？
weather	school	absolute	6月16日の学校は雪降るかな？
weather	geographical_names	early_evening	春日井市の夕方の風はどんな？
weather	station	today	中小田井の今日は晴れる？
other	None	None	コンビニの冷やし中華もおいしいですよ
weather	None	early_evening	天気は夕方どんな？
weather	station	day_after_next	明後日の桃花台東は暑いですか？
other	None	None	むしろお金が儲かります
weather	geographical_names	today	鎌倉市の今日の風は弱い？
other	None	None	よく見ます
weather	station	next_month	来月の附属中学前は雨かな？
weather	station	absolute	2012年3月の滝水の天気は晴れない？
weather	working_place	absolute	職場の5月は風強いかな？
weather	geographical_names	early_evening	下市町の夕方は雪降る？
weather	station	this_morning	東多久の今朝は晴れない？
weather	geographical_names	now	今の広川町の天気は曇る？
weather	geographical_names	this_morning	神埼市の今朝は風強いの？
weather	here	absolute	ここの29日は寒い？
other	None	None	バリィさんって知ってる？
weather	None	early_evening	夕方の天気は雨？
weather	geographical_names	tomorrow	明日の別府市の天気
weather	geographical_names	next_week	来週の須恵町は雪？
other	None	None	読んでいません。
weather	geographical_names	day_after_next	飯南町の明後日は雪？
weather	station	tonight	崎守の今夜は雨降らない？
weather	station	day_after_next	明後日の川東の風は強いかな？
weather	station	next_year	風早の来年の天気は降る？
other	None	None	毎日、暑すぎですね。
weather	school	tomorrow	明日の学校は晴れないと思う？
other	None	None	というのも，今度仙台に行くことになったんですよ．
weather	station	next_year	来年の難波の天気は曇る？
weather	geographical_names	tonight	今夜の中井町の天気は何？
schedule	None	absolute	6月はどこに行くんですか．
weather	working_place	next_month	職場の来月の風は弱かったり？
weather	station	tonight	あつみ温泉の今夜は暑い？
other	None	None	退屈したとき何してますか。
other	None	None	13歳からやってるからね。得意です！
weather	here	absolute	5月のこの辺は風強かったり？
weather	here	today	ここの今日は雨かな？
weather	station	this_morning	玉之江の今朝は暖かいかな？
weather	here	next_year	この辺の来年の風は弱かったり？
weather	school	absolute	学校の1979年5月の天気は降る？
weather	here	day_after_next	このあたりの明後日は雪降らないかな？
weather	station	now	今の曙町は暖かいかな？
weather	here	next_month	この辺の来月は雨かな？
weather	station	next_month	来月のアイランドセンターの天気
weather	geographical_names	next_month	北海道の来月の天気教えて
other	None	None	かぜの予防ですか
other	None	None	ジョッキの方が美味しそうじゃないですか？
weather	working_place	tonight	職場の今夜の風はどう？
other	None	None	夏みかんもね。
weather	station	next_year	来年の東風連の天気は雨降らない？
weather	here	tomorrow	明日のこの辺の天気は晴れない？
weather	here	absolute	ここの12月28日の風は強かったり？
weather	station	tonight	今夜の大濠公園は風強いの？
weather	station	now	じゃあ、月見山の今の天気を教えて
weather	station	absolute	西大島の2018年6月1日は曇り？
weather	station	daytime	昼の栗林の天気は何かな？
weather	geographical_names	absolute	1973年9月の笠間市の天気は雨降らない？
other	None	None	逃げますよ
other	None	None	ですねー。何か熱中症対策はしているのですか？
weather	here	absolute	1日のこの辺は暑いかな？
other	None	None	香ばしいというと何ですかね
weather	here	None	ここの天気は晴れない？
weather	station	tonight	今夜の千代崎の風はどんな感じ？
weather	working_place	now	職場の今の天気を教えてほしい
weather	school	next_year	学校の来年は晴れたり？
other	None	None	すいません。それをいうなら、びっくりですみません。
other	None	None	夏は特に気持ちよいでしょう。
weather	geographical_names	None	北九州市は曇る？
other	None	None	なんかすいません。
weather	station	tonight	高麗の今夜の天気は何かな？
weather	here	early_evening	夕方のここの風はどんな感じ？
weather	here	next_month	来月のこの辺は暖かさは？
weather	None	absolute	2011年9月11日は暖かさは？
weather	working_place	absolute	1986年3月4日の職場は風強いかな？
weather	geographical_names	next_year	来年の月形町の風はどんなになってる？
other	None	None	星はあまり見えないです。
weather	here	today	今日のこのあたりは雨かな？
weather	here	this_morning	この辺の今朝は暑さは？
weather	None	absolute	1973年8月は暑いですか？
weather	station	now	今の羽前山辺の天気は雪降らない？
weather	here	early_evening	夕方のこの辺は暑さは？
other	None	None	良い成績が取れるといいですね
weather	working_place	today	職場の今日は雪？
weather	here	early_evening	このあたりの夕方の天気は晴れ？
other	None	None	猫？？
other	None	None	誰がですか
weather	station	day_after_next	大池遊園の明後日の風はどんな感じ？
other	None	None	夏にはビアガーデンにも行きたいですね
weather	geographical_names	next_week	木古内町の来週は雨？
weather	geographical_names	absolute	1992年の常陸太田市は曇る？
weather	None	tonight	今夜の天気は晴れる？
other	None	None	一つ食べますか？
weather	geographical_names	next_year	来年の湧別町の天気は曇？
weather	None	early_evening	天気は夕方曇？
weather	station	tomorrow	明日のみのは雪降らないかな？
weather	here	absolute	2002年のここは雨降らない？
other	None	None	気をつけるにはどうすればいいですか？
weather	station	next_month	白川口の来月は曇りかな？
other	None	None	情報ありがとう
other	None	None	そうなんですね
weather	here	now	今のこのあたりは雨降らない？
weather	station	next_month	来月の額住宅前は暑さは？
weather	geographical_names	tonight	今夜の剣淵町の天気はどうですか
weather	station	absolute	2002年の日本橋の天気は晴れる？
other	None	None	いいえ、一泊二日で行きました。
weather	here	early_evening	このあたりの夕方の天気はどうですか
weather	working_place	tonight	今夜の職場の風はどんな？
weather	geographical_names	now	今の遠別町は寒さは？
weather	geographical_names	today	今日の広川町の天気は曇る？
other	None	None	チョコおいしいよね
weather	geographical_names	today	名護市の今日は雪かな？
weather	station	day_after_next	明後日の東根は晴れるかな？
weather	geographical_names	tonight	入間市の今夜の天気は雨降らない？
other	None	None	何か好きなスポーツはありますか？
other	None	None	雨を降らせられるんですか？
weather	geographical_names	next_month	来月の白川町は晴れるかな？
weather	geographical_names	day_after_next	明後日の山江村は雪降らないかな？
weather	working_place	next_month	来月の職場の天気は雪降らない？
other	None	None	多分有名だと思います
weather	station	next_month	久留米大学前の来月の風はどんな？
weather	here	absolute	1970年7月のこのあたりの風は強い？
weather	here	daytime	昼のこのあたりの天気教えて
weather	geographical_names	today	今日の秋田県は雪降るかな？
weather	None	tonight	風は今夜弱いかな？
weather	station	absolute	市場前の29日は寒いかな？
weather	here	next_year	来年のここは寒い？
other	None	None	たこやき
weather	geographical_names	early_evening	みなべ町の夕方は雨かな？
weather	geographical_names	day_after_next	東海村の明後日は雨降らないかな？
other	None	None	でも、死んじゃうかもしれないよ。
weather	geographical_names	tomorrow	増毛町の明日の天気はどう？
weather	geographical_names	early_evening	夕方の台東区の風は強いの？
weather	here	next_month	来月のこのあたりの天気は曇？
other	None	None	今日も暑いね。
other	None	None	何があったの？
other	None	None	もちろんそうですね
weather	station	daytime	箱根ケ崎の昼は晴れかな？
weather	station	this_morning	矢代田の今朝の天気は晴れる？
weather	working_place	next_week	職場の来週の天気はどうかな？
weather	None	this_morning	今朝の風は強いの？
weather	working_place	absolute	4日の職場の天気教えて
weather	geographical_names	now	厚岸町の今の天気は雪？
other	None	None	どんな運動をするんですか
weather	here	absolute	この辺の3日の天気は降る？
weather	geographical_names	tomorrow	下市町の明日は雪降る？
other	None	None	ふーん。
other	None	None	そう、読み直したんですよ。
weather	here	tomorrow	この辺の明日の天気は晴れ？
weather	station	next_year	是政の来年は雪降る？
weather	geographical_names	next_year	下市町の来年は雪降る？
other	None	None	えー？なんの注射なんですか？
weather	station	next_week	和泉府中の来週の風はどんな感じ？
weather	school	next_week	学校の来週は暑い？
weather	here	early_evening	夕方のこのあたりは暑さは？
weather	geographical_names	now	今の別海町は寒いかな？
weather	station	next_year	来年の帝塚山三丁目は雪？
weather	here	next_year	来年のこのあたりは風弱い？
weather	here	tomorrow	明日のここの風はどんなになってる？
weather	station	next_month	青梅街道の来月の天気は曇？
weather	here	daytime	ここの昼の天気は晴れない？
weather	school	next_year	学校の来年は雨降る？
weather	school	now	今の学校の風は弱かったりする？
weather	station	None	高岡やぶなみの風は強いの？
weather	station	today	今日の総社は雨降らない？
weather	station	today	田山の今日は涼しい？
weather	school	today	学校の今日は雪降らないかな？
weather	geographical_names	daytime	岐南町の昼は暑さは？
weather	station	absolute	8日の西郷は雨降る？
weather	here	daytime	昼のこのあたりは涼しい？
weather	station	absolute	足利の2日の天気は雪？
weather	here	tomorrow	このあたりの明日は雨降るかな？
other	None	None	あなたは集中していますか??
weather	station	next_year	殿山の来年の風はどんなになってる？
other	None	None	なにかおもしろいことないですかね
weather	station	next_year	羽場の来年は晴れないと思う？
weather	working_place	tonight	職場の今夜は寒いかな？
weather	here	daytime	昼のこの辺の天気は雪降らない？
other	None	None	致死率が高いんですよ
weather	working_place	absolute	8月16日の職場の風は強いかな？
weather	here	absolute	ここの2日の天気は雪？
other	None	None	子供は深海魚とか好きそうだしね
weather	geographical_names	absolute	西宮市の2012年8月21日は風強い？
weather	school	absolute	1986年の学校は風強いの？
other	None	None	だから行きたいんだね
weather	here	early_evening	夕方のこのあたりは雪かな？
other	None	None	部屋の中にいる限りはいいですけどね
other	None	None	夏は海に行きたいですね
other	None	None	最近は、ブラックで飲みます。
weather	geographical_names	today	白子町の今日は風弱い？
weather	geographical_names	now	今の小布施町は暑いかな？
weather	here	absolute	11月1日のこのあたりは雨降るかな？
weather	working_place	absolute	職場の2015年8月は風強いの？
weather	geographical_names	tomorrow	明日の大月町の天気はどんな感じ？
other	None	None	午後から少し曇るようです。
other	None	None	世界的に多いんじゃない？
other	None	None	雨が降るの？
weather	here	next_year	この辺の来年の天気は晴れ？
weather	here	daytime	昼のこのあたりは雪降らないかな？
weather	here	absolute	この辺の4月の風は弱かったり？
other	None	None	あまり大きくないと思います。
weather	geographical_names	now	幸手市の今の天気
weather	geographical_names	now	名護市の今は雪かな？
other	None	None	何が凄いんですか？
weather	here	None	この辺の天気は曇る？
weather	station	absolute	10月の領石通は寒いかな？
weather	station	next_week	来週の広電西広島（己斐）の風は弱い？
other	None	None	クラゲは刺されると痛くないですか？
other	None	None	そうですね。楽しみましょう。
weather	geographical_names	next_year	来年の下関市の天気は降らない？
weather	here	daytime	ここの昼の風はどう？